Age,Salary,Gender,Department,Experience_Years,Satisfaction_Score,City,Purchase_Amount,Tenure,Attrition
56,11406.03,Male,Sales,36,8.68,Delhi,11427.73,1,Yes
46,44216.93,Female,IT,38,5.38,Bangalore,20784.22,4,No
32,69956.58,Female,Finance,31,5.4,Bangalore,10072.02,8,Yes
25,79989.76,Female,HR,16,6.25,Delhi,19122.15,9,No
38,60771.48,Male,HR,34,5.87,Delhi,23289.68,3,Yes
56,73513.92,Male,HR,36,6.86,Delhi,25228.9,2,No
36,,Male,Finance,18,,Bangalore,,4,Yes
40,39796.08,Female,Marketing,28,7.58,Delhi,23376.95,2,Yes
28,24808.11,Male,Marketing,6,7.4,Mumbai,18504.98,1,Yes
28,40924.05,Male,IT,27,6.52,Bangalore,17454.16,3,No
41,61428.78,Female,Marketing,8,6.85,Mumbai,33463.79,7,Yes
53,53189.84,Female,Marketing,27,8.59,Chennai,24135.8,1,No
57,63017.74,Female,HR,5,2.98,Bangalore,14135.08,2,Yes
41,35952.29,Female,HR,28,6.98,Chennai,11326.68,1,Yes
20,36867.12,Female,IT,16,7.58,Delhi,17674.65,8,No
39,53069.15,Male,Sales,15,8.57,Delhi,25959.34,5,Yes
19,40960.28,Female,IT,22,4.98,Kolkata,20243.7,8,No
41,69527.74,Male,IT,30,4.87,Delhi,8879.9,3,No
47,40588.72,Male,Finance,2,8.17,Chennai,19113.53,7,No
55,42569.16,Female,Finance,20,3.19,Delhi,19987.99,8,No
19,56282.59,Female,IT,25,9.66,Bangalore,7921.66,6,Yes
38,44160.68,Female,IT,35,7.45,Delhi,20120.83,7,Yes
50,31475.83,Male,IT,36,10.12,Kolkata,14933.16,2,No
29,33509.66,Female,Marketing,21,4.83,Delhi,10822.27,8,Yes
39,58066.49,Female,Finance,11,6.13,Chennai,28022.54,5,Yes
42,29619.33,Female,IT,12,2.18,Chennai,14711.99,7,No
44,70957.47,Female,HR,10,5.41,Delhi,16663.58,1,Yes
59,39644.01,Female,HR,15,6.63,Chennai,16597.09,5,No
45,59243.24,Male,Marketing,7,3.07,Chennai,20011.19,1,Yes
33,40543.81,Male,Marketing,39,6.21,Kolkata,28831.55,8,Yes
32,36271.38,Male,Sales,39,3.03,Bangalore,14019.07,4,No
20,53691.56,Female,Sales,1,6.49,Kolkata,18465.98,4,Yes
54,65776.75,Female,Sales,29,9.29,Mumbai,20604.31,2,Yes
24,46289.48,Female,Marketing,29,6.93,Kolkata,15656.04,5,No
38,49017.84,Male,Marketing,11,10.32,Delhi,18385.57,1,Yes
26,62111.26,Female,Marketing,9,8.57,Bangalore,22972.5,9,No
56,62607.91,Female,HR,10,9.7,Delhi,16221.48,5,Yes
35,247113.1,Female,Marketing,14,5.47,Mumbai,73227.16,6,No
21,43347.8,Male,HR,15,5.42,Bangalore,17843.23,2,No
42,51239.84,Female,Sales,16,7.69,Chennai,19480.97,1,No
31,47136.33,Male,Sales,25,3.84,Kolkata,21215.76,4,No
26,,Female,Sales,1,,Delhi,,7,No
43,32085.94,Male,IT,11,6.35,Mumbai,29687.77,6,Yes
19,54157.72,Male,IT,25,9.66,Chennai,6707.62,1,Yes
37,39225.45,Male,Finance,22,8.36,Kolkata,19163.04,1,No
45,63588.31,Female,Finance,17,9.19,Chennai,13177.82,8,Yes
24,39912.98,Female,Finance,31,5.49,Kolkata,18073.15,4,No
25,40173.35,Male,IT,37,9.1,Bangalore,24404.34,5,Yes
52,56680.98,Male,IT,2,9.89,Chennai,25988.96,7,Yes
31,,Female,Finance,37,,Chennai,,8,No
34,84149.77,Female,Finance,2,5.52,Chennai,26176.46,7,No
53,25560.46,Male,Marketing,29,5.56,Bangalore,19130.32,2,Yes
57,51647.79,Female,Finance,0,9.48,Mumbai,26992.65,4,Yes
21,66944.74,Female,Marketing,29,12.37,Kolkata,27984.25,1,No
19,41325.29,Female,HR,31,5.04,Chennai,20694.0,9,Yes
23,36341.63,Female,IT,27,4.88,Bangalore,25886.18,3,Yes
59,36937.03,Male,Finance,20,8.84,Mumbai,20206.19,3,No
21,25820.58,Female,IT,12,5.49,Kolkata,27051.16,9,Yes
46,70245.57,Female,IT,26,9.04,Bangalore,19191.68,3,No
35,45055.74,Male,IT,35,7.93,Kolkata,16952.4,8,No
43,43279.59,Male,HR,6,6.95,Chennai,14400.04,2,No
51,18138.53,Female,Sales,21,7.88,Mumbai,19131.85,3,Yes
27,28494.37,Female,Finance,9,7.76,Bangalore,20421.94,2,Yes
53,71980.85,Female,Sales,38,6.64,Mumbai,15270.74,1,No
31,54546.58,Female,Sales,14,3.49,Chennai,18749.46,2,No
48,67497.51,Male,Sales,14,7.36,Mumbai,17367.25,8,Yes
32,65599.89,Male,IT,3,10.15,Mumbai,14615.12,9,Yes
25,34990.7,Male,Marketing,31,3.78,Delhi,25179.42,2,Yes
31,86447.72,Female,IT,22,5.07,Mumbai,26059.52,7,No
40,79245.99,Female,IT,5,7.85,Kolkata,25157.16,5,No
57,41543.5,Female,Sales,23,7.08,Bangalore,19579.22,3,Yes
38,-3523.08,Female,IT,19,7.82,Delhi,19888.09,9,Yes
33,44652.02,Male,Sales,36,5.6,Bangalore,14684.13,6,Yes
35,53574.44,Male,Marketing,19,9.32,Bangalore,22073.16,1,No
41,41484.21,Female,Finance,11,7.09,Chennai,20848.16,5,No
43,46677.17,Male,Sales,32,8.39,Chennai,34219.74,7,Yes
42,37570.13,Female,Marketing,27,7.64,Delhi,25435.51,4,Yes
58,63824.52,Female,Finance,7,7.35,Chennai,21576.22,8,No
46,,Male,HR,0,,Chennai,,5,No
32,64272.71,Female,Sales,36,7.37,Chennai,25006.53,9,Yes
18,68333.05,Female,Sales,21,4.62,Bangalore,15421.31,9,Yes
42,17385.15,Male,HR,5,9.17,Delhi,25698.19,9,Yes
24,38442.17,Female,HR,20,8.64,Bangalore,14564.28,1,No
26,40639.56,Female,Sales,31,2.79,Kolkata,17192.38,2,Yes
41,88570.59,Male,HR,34,5.69,Bangalore,10809.1,3,No
18,52235.08,Female,IT,14,9.08,Kolkata,23070.38,4,No
25,62188.41,Male,Finance,4,3.35,Mumbai,21249.65,9,Yes
41,21789.62,Female,Finance,5,8.89,Mumbai,17192.58,6,Yes
28,52148.23,Male,Finance,24,6.72,Kolkata,15354.31,1,No
34,64674.39,Male,IT,39,9.68,Kolkata,26893.61,9,Yes
25,,Male,HR,28,,Bangalore,,6,No
52,59350.99,Female,Marketing,6,5.56,Kolkata,16163.52,4,Yes
52,50195.01,Male,HR,39,7.62,Delhi,29609.66,4,Yes
50,50923.53,Male,Sales,12,6.94,Mumbai,16714.69,3,Yes
22,,Male,Finance,37,,Mumbai,,7,Yes
59,36492.01,Male,HR,17,11.44,Kolkata,14245.05,3,No
56,53464.16,Male,Marketing,1,5.06,Chennai,18225.27,2,No
58,39260.36,Female,Sales,7,2.51,Chennai,22511.46,8,No
45,60332.57,Female,IT,10,10.16,Kolkata,19710.82,4,Yes
24,57001.74,Female,IT,32,5.83,Delhi,21218.82,8,No
26,70510.55,Female,Marketing,37,6.41,Chennai,17305.83,1,No
25,,Female,Sales,26,,Kolkata,,5,No
29,53408.92,Female,Finance,19,5.86,Delhi,27327.88,9,Yes
51,61219.71,Female,HR,11,5.47,Delhi,17610.86,1,No
50,,Male,Sales,30,,Bangalore,,4,Yes
40,42388.44,Female,IT,26,7.13,Delhi,23509.79,6,Yes
41,45060.04,Male,Marketing,31,6.2,Chennai,21543.79,8,No
54,48547.61,Male,Marketing,9,8.46,Chennai,16457.04,3,Yes
52,,Female,HR,2,,Kolkata,,5,No
57,65235.3,Male,Marketing,26,5.14,Kolkata,22568.4,7,No
39,40590.34,Male,Marketing,34,7.22,Delhi,20993.87,1,No
44,68774.77,Male,Sales,30,6.16,Mumbai,20877.92,7,No
52,44495.4,Male,Finance,14,5.02,Bangalore,28411.31,8,No
18,57085.95,Female,HR,15,8.38,Mumbai,16349.69,8,Yes
52,52496.23,Female,Sales,12,6.76,Delhi,22076.28,9,No
54,35360.3,Female,Finance,34,6.18,Delhi,17356.85,6,Yes
31,49701.65,Female,Sales,10,5.29,Mumbai,10318.47,6,No
20,55004.65,Female,Sales,20,4.94,Bangalore,10186.33,2,No
18,49035.61,Female,Marketing,10,10.98,Mumbai,14926.82,3,No
22,,Female,Finance,29,,Kolkata,,4,Yes
43,75521.44,Female,HR,34,4.82,Chennai,30864.75,4,Yes
31,51315.49,Female,HR,21,7.58,Kolkata,23491.94,8,Yes
56,38085.46,Female,Finance,37,9.12,Chennai,23941.72,1,Yes
44,74311.52,Male,Marketing,30,7.34,Delhi,16814.61,4,No
26,59260.85,Female,IT,13,9.75,Bangalore,20306.64,4,No
32,31997.45,Male,Sales,23,3.91,Mumbai,31530.76,1,Yes
32,34332.58,Male,Marketing,31,3.02,Bangalore,13927.91,3,Yes
43,46664.08,Male,Finance,35,7.52,Mumbai,22281.19,5,Yes
59,54459.6,Male,Sales,31,7.55,Kolkata,28056.48,6,No
30,59342.0,Female,HR,14,0.32,Kolkata,24829.72,9,Yes
49,64252.68,Male,IT,34,5.75,Mumbai,29007.7,9,Yes
56,58093.59,Female,HR,2,4.98,Bangalore,21064.33,9,No
49,70201.19,Female,Finance,15,4.22,Mumbai,23017.27,1,Yes
21,,Male,Sales,4,,Delhi,,9,No
47,38605.41,Female,Finance,20,8.19,Kolkata,22666.73,8,No
54,49949.74,Male,Sales,9,4.97,Delhi,15423.97,2,No
40,48965.29,Male,Marketing,18,5.03,Kolkata,23961.74,1,No
56,11326.77,Female,IT,24,3.76,Kolkata,21471.24,1,No
32,41579.5,Female,Marketing,3,9.54,Chennai,20313.3,6,Yes
46,54713.06,Male,Marketing,28,7.87,Delhi,28731.96,9,Yes
53,43636.77,Female,Finance,18,2.02,Delhi,18673.07,7,No
30,40306.86,Female,IT,1,5.04,Chennai,26039.11,5,No
49,,Female,Sales,9,,Bangalore,,2,Yes
24,36251.81,Male,Sales,24,9.56,Delhi,24277.72,1,Yes
39,60674.34,Male,HR,19,8.68,Mumbai,15174.5,2,No
45,30008.83,Female,Sales,18,6.29,Chennai,21795.39,1,Yes
19,91411.43,Female,Finance,22,3.14,Delhi,29792.37,3,Yes
59,46764.72,Female,Marketing,23,8.74,Bangalore,10907.23,6,No
23,45151.02,Female,Marketing,10,6.41,Delhi,19061.71,8,Yes
45,67145.99,Female,Marketing,33,7.14,Kolkata,25811.54,3,Yes
45,43719.43,Male,IT,27,6.65,Mumbai,19423.4,9,Yes
37,71823.92,Female,Sales,4,4.29,Chennai,24049.44,5,Yes
47,55573.91,Male,Finance,4,7.73,Kolkata,27045.96,7,No
28,48224.03,Female,IT,20,7.45,Bangalore,21160.03,8,Yes
45,46624.91,Male,HR,11,6.15,Kolkata,22544.95,3,No
42,68113.88,Female,Finance,3,7.94,Kolkata,20459.35,2,Yes
56,53457.31,Male,Finance,19,4.25,Bangalore,21489.03,2,No
50,56484.63,Female,Finance,37,6.46,Kolkata,30513.01,5,No
18,58115.03,Male,Marketing,24,7.05,Chennai,19680.26,1,Yes
44,51994.04,Male,Finance,13,3.53,Delhi,18234.23,2,No
30,57798.08,Male,Sales,10,6.89,Kolkata,25208.77,9,No
58,48225.15,Male,Finance,31,8.47,Chennai,15785.39,7,No
20,49252.87,Male,Marketing,10,6.39,Delhi,16926.39,6,No
56,33213.28,Male,Finance,17,6.93,Delhi,16958.27,9,No
23,54466.4,Female,HR,26,8.12,Kolkata,18720.63,7,Yes
25,24206.88,Male,HR,17,6.22,Chennai,18939.0,5,No
44,54253.37,Female,Marketing,22,6.4,Kolkata,23495.5,9,No
26,45790.76,Female,Sales,10,4.65,Bangalore,18288.19,6,Yes
54,55618.78,Female,Sales,20,6.97,Delhi,23697.32,6,Yes
50,34267.57,Female,IT,4,6.33,Kolkata,24320.9,4,No
59,18209.64,Female,Marketing,22,8.0,Delhi,16732.44,1,Yes
41,44737.02,Male,Finance,24,8.13,Chennai,24213.53,5,Yes
32,34311.31,Male,Marketing,9,8.58,Mumbai,24667.09,9,Yes
49,23291.65,Male,IT,21,5.98,Kolkata,11195.32,8,Yes
49,61519.75,Female,Marketing,18,2.65,Kolkata,21467.4,8,Yes
41,74018.57,Male,Marketing,0,8.48,Delhi,17467.96,5,Yes
58,38045.73,Male,IT,6,7.86,Chennai,26515.32,9,No
29,48863.44,Male,Sales,3,5.73,Bangalore,17416.97,3,No
56,45383.22,Male,Finance,0,8.11,Chennai,13302.58,3,Yes
19,40116.52,Male,IT,14,4.1,Kolkata,19850.92,1,Yes
20,59956.06,Female,HR,39,9.06,Bangalore,15515.14,9,No
54,65152.12,Male,Sales,11,6.33,Chennai,24247.93,6,Yes
34,36970.89,Female,HR,21,5.34,Mumbai,15956.94,2,No
19,50671.5,Female,Sales,21,5.76,Delhi,19912.47,8,Yes
19,69268.0,Female,Finance,16,6.54,Chennai,27729.05,9,No
45,60335.54,Female,Finance,28,6.98,Chennai,25492.64,9,No
40,62565.46,Female,Marketing,13,7.1,Mumbai,22389.2,2,Yes
54,70519.78,Male,HR,19,6.14,Kolkata,19362.11,2,Yes
49,70322.68,Male,Sales,32,7.4,Delhi,21914.48,7,Yes
50,65429.64,Male,Finance,14,7.02,Chennai,23444.92,4,Yes
18,52174.06,Female,IT,11,5.7,Bangalore,15066.99,1,No
36,44262.75,Male,Finance,39,5.4,Chennai,24256.69,8,Yes
19,51552.17,Male,IT,19,8.22,Delhi,14491.53,2,No
43,41983.9,Female,Sales,29,8.05,Chennai,22862.26,3,Yes
49,20712.7,Female,Finance,37,7.11,Mumbai,14465.55,5,No
23,45807.51,Female,Finance,2,8.85,Chennai,29813.98,3,Yes
49,55362.89,Female,Sales,27,3.08,Chennai,23816.71,7,Yes
21,41190.96,Male,Finance,25,5.87,Bangalore,12219.87,7,No
28,47108.3,Female,IT,29,4.69,Mumbai,19995.37,2,Yes
34,47689.45,Female,Finance,12,11.51,Mumbai,17392.89,7,Yes
55,70352.85,Male,HR,12,8.43,Chennai,16801.37,6,Yes
41,44608.44,Male,Marketing,1,6.84,Bangalore,20735.52,9,Yes
22,70349.5,Female,IT,36,8.57,Chennai,15360.03,9,Yes
51,9312.64,Male,HR,37,9.23,Chennai,23807.33,2,No
23,70217.84,Female,Sales,1,9.21,Delhi,23523.27,7,Yes
39,69461.09,Female,IT,35,8.84,Delhi,21757.12,5,No
28,63533.82,Male,Marketing,25,6.47,Bangalore,19902.48,6,Yes
33,19821.23,Male,Marketing,10,6.0,Kolkata,23299.09,1,Yes
50,65283.3,Female,Sales,7,5.08,Delhi,23956.93,7,No
26,49248.21,Female,Sales,39,8.0,Kolkata,22274.59,6,No
23,12059.94,Female,IT,21,6.68,Mumbai,13440.63,4,No
33,69472.67,Male,Finance,19,6.16,Delhi,16058.07,1,No
46,71662.6,Female,Sales,7,6.06,Delhi,18659.7,9,No
20,21432.32,Female,Finance,28,9.9,Bangalore,12621.05,4,Yes
37,52631.32,Female,HR,39,8.91,Kolkata,21120.02,2,No
53,70828.87,Female,Marketing,25,10.66,Delhi,27055.03,8,No
36,68452.42,Female,Finance,29,8.06,Delhi,26258.45,2,Yes
43,62540.92,Male,Marketing,16,7.11,Bangalore,23698.13,5,Yes
20,10291.21,Female,Finance,19,6.95,Bangalore,23638.56,6,No
36,60943.14,Female,HR,15,4.96,Kolkata,31076.48,8,No
37,46728.44,Female,Sales,6,4.48,Mumbai,24219.32,1,No
49,64937.86,Female,HR,15,8.01,Mumbai,24628.18,1,Yes
24,53842.42,Male,Sales,26,5.13,Chennai,12805.43,4,No
58,49701.78,Male,Sales,22,7.42,Delhi,26664.09,5,Yes
50,59613.56,Male,Marketing,23,9.23,Kolkata,21992.49,9,Yes
57,47421.3,Female,HR,8,5.67,Delhi,19601.08,7,Yes
56,49635.84,Female,Finance,34,11.02,Kolkata,18361.81,7,Yes
35,41671.64,Male,HR,19,5.02,Kolkata,17257.02,8,No
57,25918.87,Male,Marketing,36,8.98,Kolkata,26283.88,5,Yes
18,58517.8,Male,Sales,16,7.85,Delhi,19858.21,5,Yes
28,37909.55,Female,Marketing,30,9.39,Bangalore,17441.61,1,No
45,46988.12,Female,IT,7,4.77,Delhi,16142.27,9,Yes
42,54304.61,Male,IT,14,11.61,Kolkata,20852.99,6,No
40,18721.74,Male,Finance,30,6.64,Chennai,18201.95,9,Yes
48,22079.77,Male,Marketing,29,8.35,Mumbai,17061.22,3,No
47,45503.92,Female,Finance,19,9.89,Kolkata,13089.22,5,Yes
59,56818.45,Female,Finance,38,5.79,Chennai,24796.79,2,Yes
52,61160.57,Female,IT,11,8.65,Bangalore,19309.88,5,No
24,26130.28,Male,Finance,16,5.46,Kolkata,14573.81,8,Yes
33,59549.47,Male,IT,29,9.79,Chennai,18643.82,2,Yes
43,46323.96,Female,Sales,28,5.48,Kolkata,22745.66,8,No
19,36752.64,Male,Marketing,18,7.08,Delhi,20144.2,4,Yes
18,,Female,Finance,10,,Chennai,,1,Yes
29,62027.86,Male,IT,33,8.57,Delhi,20212.74,5,No
22,54110.09,Male,HR,6,10.94,Delhi,13615.72,1,No
54,50754.6,Male,Finance,33,6.1,Chennai,24742.54,7,No
49,53652.44,Male,Sales,19,9.28,Mumbai,11458.77,8,No
26,63921.47,Female,Sales,37,10.94,Chennai,22307.68,3,No
58,48543.51,Male,HR,23,7.33,Mumbai,23077.85,3,Yes
52,50814.78,Female,IT,9,5.9,Kolkata,18900.78,7,No
36,67072.56,Female,Finance,31,3.54,Kolkata,21767.11,4,Yes
33,45026.2,Female,IT,14,10.77,Chennai,18614.32,3,No
20,59272.11,Male,Sales,36,6.51,Kolkata,21827.48,8,Yes
37,42444.43,Female,IT,19,5.0,Bangalore,24964.61,3,Yes
41,43761.99,Female,Sales,2,4.28,Delhi,16039.37,7,No
50,48439.25,Female,IT,36,4.99,Delhi,23369.82,2,Yes
41,57729.09,Male,HR,39,8.84,Mumbai,28461.99,1,Yes
28,67912.73,Male,Marketing,7,9.12,Kolkata,21322.83,6,No
25,51448.18,Female,HR,39,8.3,Mumbai,17484.48,8,No
53,27502.45,Male,HR,22,7.26,Delhi,31316.16,1,No
55,59471.69,Female,Marketing,39,4.51,Delhi,20443.53,9,No
57,86807.63,Female,Marketing,10,5.54,Kolkata,21157.65,3,Yes
37,,Male,Finance,7,,Bangalore,,3,Yes
52,24368.49,Female,Finance,28,8.15,Bangalore,22239.32,4,Yes
42,52544.79,Male,HR,29,4.87,Kolkata,18305.63,1,Yes
52,49954.81,Male,HR,9,5.57,Kolkata,20949.95,9,Yes
42,48693.37,Female,Sales,38,6.63,Mumbai,24760.92,3,Yes
46,64181.15,Male,Sales,27,3.66,Kolkata,18132.99,4,No
35,70674.12,Male,Finance,35,7.09,Bangalore,17900.03,1,Yes
35,60253.79,Female,Finance,12,6.79,Kolkata,18539.58,4,Yes
19,48004.13,Female,Sales,31,9.37,Mumbai,14511.14,1,Yes
52,66885.18,Male,Sales,35,5.36,Mumbai,16585.8,5,No
33,137962.80000000002,Male,IT,36,4.4,Mumbai,65528.4,5,No
58,39259.16,Female,IT,25,6.25,Mumbai,19997.39,7,No
53,,Male,Sales,21,,Chennai,,8,No
50,49535.74,Male,IT,3,7.08,Kolkata,27268.57,4,Yes
21,57601.02,Male,Marketing,30,3.28,Delhi,20285.94,7,Yes
50,46989.31,Male,Finance,17,5.79,Kolkata,22282.35,4,Yes
31,36409.46,Male,Finance,37,5.14,Chennai,21216.97,3,No
38,64622.75,Male,Sales,23,8.14,Mumbai,9532.81,6,Yes
37,46468.15,Male,HR,22,5.38,Chennai,14260.55,4,Yes
25,51531.93,Female,Sales,21,3.53,Bangalore,23806.32,3,Yes
24,58266.02,Female,IT,1,6.6,Bangalore,24292.43,9,No
20,50583.16,Female,HR,30,7.64,Kolkata,24178.04,5,No
34,50649.08,Female,IT,10,6.46,Kolkata,19110.94,7,No
50,65457.1,Female,Marketing,27,5.78,Delhi,10025.83,6,Yes
29,261352.7,Male,IT,31,5.66,Delhi,59429.52,5,Yes
39,62941.95,Male,Marketing,4,7.23,Bangalore,15622.46,7,Yes
39,58170.01,Male,Marketing,37,5.22,Mumbai,23143.84,6,Yes
47,80253.31,Male,IT,9,6.34,Chennai,18213.14,2,No
55,56141.2,Female,IT,39,8.5,Delhi,28452.0,3,Yes
55,59569.6,Male,Marketing,23,4.4,Delhi,27338.19,2,No
25,66524.85,Male,HR,34,6.91,Mumbai,28368.49,3,Yes
44,50954.27,Female,Marketing,22,3.42,Mumbai,15417.44,1,No
44,40432.2,Male,Finance,16,7.46,Kolkata,22454.46,8,Yes
51,214439.1,Male,Marketing,0,5.04,Chennai,70449.52,6,Yes
38,43032.4,Female,HR,30,9.04,Mumbai,21639.36,2,No
47,35745.04,Male,Finance,30,4.05,Delhi,15971.93,8,No
50,54767.08,Male,Sales,33,7.88,Delhi,26130.78,6,Yes
45,40557.25,Male,Sales,8,9.44,Bangalore,16065.34,7,Yes
50,52922.79,Male,HR,21,4.94,Mumbai,10263.8,1,Yes
22,47619.88,Male,Marketing,12,5.28,Kolkata,30168.9,7,No
36,49375.68,Female,IT,24,5.11,Chennai,22212.48,3,Yes
21,58340.85,Female,HR,17,6.03,Kolkata,14654.37,8,No
52,41871.51,Female,Finance,11,8.03,Delhi,19188.64,6,Yes
34,59583.37,Female,Finance,39,5.86,Kolkata,17115.71,4,Yes
45,73509.62,Female,Sales,16,4.76,Delhi,20028.71,8,Yes
47,55146.64,Female,Finance,14,2.96,Delhi,24013.9,9,Yes
46,38268.56,Male,HR,14,10.2,Delhi,23228.9,2,No
23,40774.73,Female,Finance,14,10.36,Delhi,21268.65,6,No
52,46276.06,Female,HR,38,8.12,Delhi,20026.27,5,Yes
58,41076.65,Male,IT,12,5.38,Bangalore,25393.35,5,Yes
54,35132.3,Male,Sales,16,8.5,Kolkata,10372.71,3,Yes
41,52316.11,Female,Finance,31,8.9,Bangalore,16255.34,8,No
46,46682.04,Male,HR,8,6.49,Bangalore,15106.69,8,Yes
48,52845.81,Female,Marketing,39,7.08,Mumbai,25031.29,5,No
52,67795.81,Male,Sales,19,9.46,Mumbai,16304.54,8,No
50,46454.71,Female,IT,25,3.72,Mumbai,13570.22,8,No
38,,Male,HR,26,,Chennai,,3,No
49,44016.61,Male,IT,20,6.38,Mumbai,15456.26,2,Yes
40,61556.38,Female,IT,17,4.77,Kolkata,18246.37,9,Yes
50,60151.55,Female,Finance,12,4.94,Bangalore,31905.72,2,No
20,57779.59,Female,Finance,15,5.27,Kolkata,23935.69,9,Yes
35,40629.4,Female,HR,8,4.58,Mumbai,18944.8,4,Yes
42,61278.54,Female,Marketing,11,10.54,Chennai,19394.36,2,Yes
59,64653.49,Male,HR,37,7.98,Chennai,24537.44,1,No
48,39568.68,Female,Marketing,18,9.13,Bangalore,23314.35,4,Yes
20,49376.45,Female,IT,6,8.12,Kolkata,20378.0,9,Yes
57,80306.03,Male,Sales,34,7.12,Delhi,20517.8,9,Yes
41,38901.89,Male,HR,17,7.15,Kolkata,12600.76,4,Yes
49,24423.7,Female,HR,15,6.2,Mumbai,11549.95,9,Yes
39,70743.57,Male,Marketing,38,6.37,Delhi,19115.89,6,Yes
40,67049.07,Male,IT,3,4.18,Chennai,16833.57,1,Yes
19,43145.49,Female,IT,24,9.16,Bangalore,22930.4,6,Yes
44,48305.12,Male,Marketing,31,3.37,Bangalore,20985.9,9,Yes
59,31625.97,Male,IT,39,4.88,Chennai,16136.13,2,Yes
19,51334.28,Female,Finance,12,11.02,Mumbai,20815.99,6,No
43,67488.71,Female,Sales,16,7.27,Chennai,17908.84,2,Yes
34,41860.93,Male,HR,36,7.36,Mumbai,30333.01,4,No
57,63156.53,Male,Sales,5,8.27,Delhi,21931.21,8,Yes
50,56955.86,Female,HR,18,3.92,Chennai,12196.97,7,No
26,58667.25,Male,Finance,12,4.21,Mumbai,29102.58,9,No
56,42735.36,Male,IT,25,6.11,Delhi,16834.25,7,Yes
46,44680.64,Male,Marketing,13,5.19,Chennai,15126.32,1,No
59,22298.41,Female,Finance,30,6.85,Bangalore,30718.43,2,No
43,,Male,Sales,3,,Chennai,,6,No
52,67452.28,Male,Marketing,38,9.78,Kolkata,23503.83,7,Yes
42,36060.02,Female,IT,7,8.62,Chennai,23665.3,3,No
41,38295.48,Male,Finance,24,5.01,Kolkata,18970.05,9,No
30,59602.85,Male,Marketing,12,6.25,Delhi,17137.97,7,Yes
24,56041.52,Female,Finance,31,5.71,Chennai,17953.71,6,No
53,60347.95,Female,Finance,37,4.97,Delhi,28044.33,6,No
37,32551.69,Female,IT,37,4.51,Delhi,21018.94,1,No
18,88460.87,Female,HR,27,10.33,Mumbai,26564.58,5,Yes
25,31763.7,Male,Marketing,29,7.02,Delhi,19617.77,3,No
33,52313.71,Male,IT,2,6.55,Delhi,16223.08,7,Yes
31,47620.17,Female,Finance,27,7.97,Chennai,12788.92,3,No
29,32200.38,Female,IT,2,8.07,Chennai,23240.02,5,No
40,44446.86,Male,HR,33,9.24,Bangalore,28470.49,7,No
32,50349.61,Female,Marketing,15,5.51,Mumbai,15570.13,3,No
45,40250.4,Male,HR,21,7.81,Delhi,22566.86,2,Yes
51,64058.35,Female,Sales,31,5.18,Mumbai,13121.92,6,No
19,47575.61,Male,Marketing,37,6.62,Kolkata,17221.52,8,Yes
49,29880.88,Female,HR,7,7.11,Delhi,21339.68,4,No
40,28608.12,Female,Finance,7,7.31,Mumbai,11358.53,9,Yes
39,59092.48,Male,Marketing,5,7.22,Bangalore,19909.88,8,No
42,27698.44,Female,Marketing,13,8.6,Bangalore,15816.5,7,No
39,54746.39,Male,IT,31,5.81,Delhi,23023.8,7,Yes
39,,Male,Finance,34,,Kolkata,,3,Yes
59,35069.67,Male,Sales,9,5.48,Bangalore,24697.2,6,Yes
23,63361.07,Male,HR,2,12.84,Bangalore,18602.01,5,Yes
32,24233.1,Male,IT,11,5.17,Kolkata,13188.1,1,No
54,54446.88,Female,HR,30,5.6,Mumbai,12565.2,3,Yes
50,49387.13,Female,Sales,28,8.77,Bangalore,10454.95,1,Yes
25,,Male,Sales,4,,Chennai,,4,Yes
22,32331.55,Female,Marketing,24,8.77,Bangalore,32788.65,3,No
56,35944.67,Male,Sales,30,7.31,Mumbai,22176.19,4,No
21,74282.03,Female,HR,20,6.19,Mumbai,28360.23,9,No
23,68227.33,Female,Finance,19,5.49,Delhi,25667.87,3,No
49,61131.27,Female,Finance,38,5.42,Chennai,17408.32,6,Yes
47,64097.72,Female,Marketing,21,6.22,Mumbai,26326.58,6,No
52,62690.2,Male,HR,3,6.65,Kolkata,17607.13,7,Yes
57,45149.66,Male,HR,12,5.34,Chennai,17706.46,9,No
33,50714.05,Female,Sales,19,6.78,Chennai,18957.04,7,Yes
30,27912.37,Female,HR,12,4.81,Kolkata,19194.01,1,Yes
59,48654.57,Male,IT,16,8.51,Bangalore,23306.85,8,Yes
47,67751.21,Female,Sales,35,8.89,Kolkata,16645.57,5,Yes
36,40089.39,Male,IT,32,5.59,Kolkata,24445.51,9,Yes
34,65347.12,Male,Marketing,0,5.48,Bangalore,24373.72,5,No
36,51373.79,Male,Finance,14,7.36,Bangalore,21714.82,5,Yes
45,29219.42,Female,Marketing,12,9.53,Bangalore,29698.06,2,Yes
43,33390.21,Male,Finance,16,9.97,Bangalore,26436.96,3,Yes
54,63789.54,Female,Marketing,23,4.19,Bangalore,25348.65,9,Yes
43,58287.86,Male,HR,7,9.01,Kolkata,20330.77,7,No
40,51526.46,Female,IT,26,6.88,Delhi,21758.83,1,No
26,45889.52,Female,Finance,22,6.92,Delhi,22619.04,3,Yes
29,53158.52,Female,Sales,7,8.01,Mumbai,20066.21,2,Yes
18,63204.44,Male,IT,7,6.04,Delhi,18122.15,1,Yes
18,72137.8,Male,Sales,25,9.19,Delhi,7971.44,9,Yes
51,72855.26,Female,IT,12,9.85,Kolkata,23588.83,8,No
49,55579.4,Female,IT,38,9.92,Bangalore,25207.24,5,No
42,47421.02,Female,Marketing,36,3.31,Bangalore,14194.41,2,Yes
57,52193.72,Male,Finance,27,6.54,Kolkata,23025.84,1,Yes
18,57831.81,Male,Finance,24,3.13,Delhi,17042.37,7,Yes
33,,Male,IT,15,,Kolkata,,2,Yes
56,69619.8,Male,HR,1,2.21,Mumbai,26553.8,1,Yes
22,81736.34,Female,HR,17,7.9,Bangalore,15046.83,2,No
39,46921.18,Female,Sales,16,7.44,Chennai,15039.26,7,No
46,82338.27,Male,Sales,29,6.13,Mumbai,29024.17,7,Yes
20,67583.59,Male,Marketing,38,5.42,Mumbai,19272.22,6,No
29,48487.66,Female,IT,12,7.63,Kolkata,26232.73,5,No
43,72478.47,Male,Sales,31,4.98,Delhi,12006.49,3,No
33,75284.72,Male,Sales,28,4.84,Bangalore,12406.98,3,Yes
54,43095.57,Male,IT,29,4.6,Chennai,15435.28,9,No
39,75983.23,Male,Marketing,17,6.59,Mumbai,17592.7,4,No
46,66126.24,Male,Sales,12,5.84,Chennai,12983.57,9,Yes
31,85528.39,Male,Marketing,20,6.23,Delhi,21846.48,4,No
45,43639.42,Female,Finance,29,8.04,Delhi,22172.97,2,Yes
22,44698.6,Male,Marketing,20,8.93,Chennai,15509.29,4,No
47,19600.07,Male,HR,16,9.9,Bangalore,15907.01,6,Yes
22,58567.91,Female,HR,39,7.12,Delhi,16566.09,6,Yes
29,55628.77,Female,Marketing,18,7.7,Chennai,14175.57,5,No
33,41555.09,Female,HR,14,7.38,Mumbai,5522.21,1,No
43,48772.24,Male,Finance,8,3.65,Chennai,19574.8,3,Yes
43,30331.68,Female,IT,9,6.26,Chennai,17847.81,5,Yes
38,67976.67,Male,HR,30,6.27,Kolkata,18359.27,6,No
56,42654.51,Male,HR,22,5.98,Delhi,14940.98,1,No
53,96410.74,Male,Marketing,29,6.92,Bangalore,24052.49,9,No
50,47365.98,Female,Finance,32,6.56,Bangalore,32126.96,3,No
47,38605.72,Female,IT,8,5.03,Kolkata,15829.58,3,Yes
54,43815.3,Female,Marketing,0,6.7,Bangalore,26998.48,2,Yes
40,28820.59,Female,Marketing,34,5.72,Chennai,21833.25,8,Yes
27,57234.08,Female,Finance,10,1.76,Kolkata,20177.1,3,No
22,,Male,IT,33,,Mumbai,,6,No
53,66968.79,Male,Finance,15,7.18,Delhi,19583.92,2,Yes
51,45878.79,Male,IT,8,9.18,Delhi,25747.95,7,Yes
48,70766.63,Male,Finance,31,2.15,Delhi,14309.6,4,Yes
27,61361.84,Female,Marketing,14,5.26,Chennai,18624.97,9,Yes
36,50428.95,Female,Marketing,11,7.86,Mumbai,26245.0,9,Yes
49,73703.49,Male,Sales,32,8.76,Kolkata,24918.57,7,Yes
18,64284.4,Female,HR,13,6.16,Kolkata,14387.07,8,No
22,94193.19,Female,Finance,7,5.63,Delhi,19087.04,3,Yes
21,43858.17,Male,Sales,7,9.44,Mumbai,23640.04,5,Yes
33,51149.24,Male,HR,26,8.59,Mumbai,23317.14,2,Yes
41,73530.64,Female,Finance,11,8.72,Mumbai,24875.67,7,Yes
33,26846.93,Female,IT,0,6.06,Bangalore,21921.43,8,Yes
19,,Male,HR,39,,Bangalore,,9,Yes
45,56589.54,Male,Marketing,10,3.11,Delhi,21713.98,7,Yes
49,36676.84,Male,Sales,38,9.26,Mumbai,27898.67,8,No
44,29554.41,Female,HR,30,6.87,Mumbai,17890.94,9,Yes
37,39912.66,Male,HR,16,7.26,Kolkata,20240.96,6,No
41,15727.71,Male,Marketing,32,5.11,Kolkata,14925.16,2,No
29,,Female,Finance,31,,Delhi,,2,No
52,,Female,IT,28,,Mumbai,,4,Yes
50,42855.49,Female,Marketing,20,8.1,Delhi,16379.07,9,Yes
50,70824.69,Female,IT,20,8.41,Kolkata,19711.57,7,Yes
54,74899.21,Female,Finance,39,8.19,Kolkata,28088.75,2,Yes
29,69134.67,Male,HR,22,7.74,Bangalore,27799.69,8,Yes
20,53459.61,Male,IT,5,5.15,Delhi,31120.22,7,Yes
18,15129.81,Female,Sales,21,8.53,Delhi,28188.26,9,Yes
50,39444.54,Female,Sales,37,4.93,Mumbai,32015.09,8,Yes
57,47869.42,Female,Marketing,36,9.21,Mumbai,22182.65,3,Yes
27,36591.99,Female,Finance,7,6.83,Bangalore,15484.9,1,Yes
46,47907.42,Female,Marketing,34,6.9,Chennai,14998.04,2,No
30,74151.01,Male,Marketing,10,8.73,Chennai,26981.65,2,Yes
29,25313.35,Male,Marketing,23,9.0,Chennai,20258.13,4,Yes
48,77175.38,Male,Sales,20,8.54,Delhi,20630.66,6,Yes
19,63270.9,Male,Sales,1,5.36,Delhi,17254.64,4,No
52,54023.25,Female,Marketing,39,8.53,Kolkata,17854.13,9,Yes
40,39295.75,Male,Sales,18,5.37,Delhi,21918.8,4,Yes
34,36890.74,Female,Finance,38,8.58,Delhi,14723.88,6,No
43,25606.73,Female,Marketing,27,4.15,Delhi,21285.69,6,Yes
25,,Female,Sales,16,,Bangalore,,1,No
46,73064.17,Male,IT,5,5.36,Delhi,9331.82,8,No
43,28905.73,Female,Marketing,18,8.74,Mumbai,12293.44,3,No
27,41710.58,Male,Marketing,37,9.23,Mumbai,23378.05,6,No
43,56497.17,Male,Finance,27,7.4,Kolkata,26819.84,3,Yes
51,45507.36,Female,HR,1,7.33,Bangalore,17550.54,2,No
58,21219.88,Female,HR,37,8.41,Mumbai,10008.8,5,No
24,40133.41,Female,Finance,36,9.24,Bangalore,27159.62,1,Yes
21,79265.51,Male,Finance,3,7.07,Bangalore,15944.67,9,Yes
28,41150.32,Female,Finance,21,6.0,Kolkata,18193.77,7,Yes
46,47547.99,Male,HR,25,8.29,Bangalore,21595.22,3,No
53,32822.34,Female,Finance,35,3.28,Delhi,16667.83,4,Yes
42,58816.44,Female,Sales,12,8.82,Bangalore,15619.35,6,No
38,51727.28,Male,Marketing,31,5.58,Kolkata,15711.0,3,No
53,38869.7,Male,Marketing,16,6.52,Kolkata,29289.64,7,Yes
27,30430.17,Male,IT,35,8.83,Kolkata,25798.07,6,Yes
54,71068.15,Male,IT,18,6.17,Mumbai,22872.59,9,Yes
26,25916.85,Male,Marketing,34,8.29,Delhi,9067.83,5,Yes
41,57557.24,Male,Sales,39,9.28,Mumbai,22890.96,4,Yes
52,17691.81,Female,HR,27,7.22,Chennai,22621.0,3,Yes
52,60608.18,Female,HR,0,7.62,Delhi,13609.33,1,No
53,64554.48,Male,Sales,17,6.76,Bangalore,21293.55,3,No
35,,Female,HR,39,,Kolkata,,3,Yes
56,47581.87,Male,Finance,32,4.77,Chennai,22846.83,7,No
49,,Female,Marketing,11,,Delhi,,7,No
41,84616.88,Female,Marketing,7,4.42,Mumbai,20066.32,1,No
40,45175.65,Male,Sales,23,5.2,Kolkata,23651.78,3,No
49,43234.92,Male,HR,15,2.99,Mumbai,20297.26,8,No
54,52237.66,Male,IT,3,7.53,Delhi,26271.42,9,No
29,42834.8,Female,IT,37,10.38,Delhi,21978.41,7,Yes
30,,Male,HR,26,,Chennai,,7,Yes
40,41948.92,Female,IT,8,8.93,Bangalore,24107.0,8,Yes
42,75736.34,Male,Sales,15,9.25,Mumbai,14666.59,6,No
52,61578.23,Female,Sales,11,4.6,Chennai,20249.93,3,Yes
58,42785.81,Female,HR,30,5.03,Kolkata,18338.23,1,Yes
47,,Male,IT,23,,Bangalore,,7,Yes
34,26833.03,Female,Sales,13,6.82,Chennai,22316.17,1,No
37,57551.44,Female,Sales,24,4.42,Mumbai,19058.94,1,Yes
42,18176.66,Male,Finance,33,5.73,Delhi,13590.74,9,No
39,54394.9,Female,Finance,2,7.84,Kolkata,12015.46,7,Yes
30,34016.54,Male,Sales,23,5.41,Mumbai,21551.71,4,Yes
36,51377.09,Male,HR,8,1.45,Bangalore,16413.94,6,Yes
53,50957.84,Male,Marketing,25,6.36,Bangalore,23330.63,1,No
29,51808.85,Male,Marketing,19,6.52,Delhi,11784.3,7,No
58,44083.67,Female,Sales,39,7.02,Delhi,27964.76,6,No
36,43590.72,Female,Sales,9,9.52,Kolkata,23319.32,4,No
29,39188.14,Female,Sales,18,7.11,Kolkata,20495.93,7,No
26,57258.38,Male,HR,2,7.49,Delhi,28415.29,3,Yes
24,62077.89,Female,Finance,23,9.11,Delhi,24742.09,1,Yes
45,31715.41,Female,Sales,4,7.02,Bangalore,17624.98,4,No
31,49225.57,Male,Sales,2,11.27,Delhi,20387.88,3,No
48,52948.73,Male,IT,26,4.47,Chennai,10178.63,1,Yes
36,52756.57,Female,HR,15,5.13,Mumbai,25320.95,2,No
33,52501.54,Male,Sales,14,8.23,Delhi,18520.24,5,Yes
22,43969.48,Male,IT,34,9.51,Kolkata,10113.88,8,No
52,54185.46,Male,Marketing,11,6.6,Chennai,14090.81,1,Yes
29,59270.43,Male,Sales,25,4.98,Kolkata,24354.56,4,No
42,52115.55,Female,Sales,33,10.52,Chennai,28069.01,4,No
38,57589.1,Male,IT,22,5.42,Delhi,20102.13,5,Yes
53,64855.3,Male,HR,30,7.68,Mumbai,15089.74,7,Yes
40,22235.89,Male,Sales,19,9.63,Kolkata,12896.25,8,No
33,64151.96,Male,Marketing,11,6.12,Chennai,27073.07,6,No
56,55136.42,Male,Sales,22,5.76,Bangalore,22247.34,1,Yes
59,33325.62,Male,Marketing,3,5.89,Delhi,18349.3,7,No
56,62037.06,Male,Finance,22,8.8,Mumbai,17158.64,3,Yes
31,,Male,Finance,0,,Delhi,,6,Yes
48,46070.5,Female,Marketing,24,7.07,Bangalore,23221.59,8,No
22,42384.8,Male,HR,1,10.77,Mumbai,15517.08,7,Yes
52,54535.98,Female,Sales,29,7.06,Bangalore,14288.14,6,Yes
40,38219.7,Male,Sales,2,9.58,Delhi,14540.49,9,No
46,63522.12,Male,Finance,20,6.14,Chennai,17658.88,9,Yes
28,47917.06,Male,Marketing,24,11.67,Delhi,16551.07,1,Yes
35,44536.96,Male,Sales,19,10.14,Delhi,28090.46,1,Yes
29,61293.14,Female,Sales,21,6.74,Delhi,17481.1,1,Yes
26,45206.65,Male,HR,20,9.87,Kolkata,13751.67,8,No
27,64222.65,Male,IT,32,9.77,Bangalore,14032.51,7,Yes
34,64693.89,Female,Finance,37,10.11,Bangalore,19080.14,3,No
55,29977.94,Female,Finance,14,2.04,Bangalore,10889.38,2,Yes
24,66638.9,Male,IT,14,8.44,Kolkata,19699.4,4,No
30,28069.46,Female,Sales,24,8.08,Chennai,13318.95,3,Yes
57,67573.71,Female,HR,20,7.94,Delhi,25793.05,7,No
59,80425.36,Female,HR,23,7.44,Chennai,20582.81,8,Yes
26,63122.52,Male,Finance,4,7.5,Kolkata,30605.12,6,Yes
44,17645.29,Male,HR,5,9.57,Bangalore,18859.0,3,Yes
19,65953.49,Male,IT,22,8.08,Delhi,4341.28,6,Yes
22,83691.93,Female,Sales,3,7.43,Mumbai,27288.41,2,No
46,45454.53,Male,IT,26,9.28,Mumbai,22509.62,7,No
54,49479.45,Female,Marketing,17,7.84,Chennai,23284.54,7,Yes
55,32172.7,Male,Finance,20,8.03,Bangalore,14987.08,4,No
36,54681.19,Male,HR,27,10.73,Mumbai,19785.76,8,Yes
25,69037.66,Female,Marketing,34,6.13,Chennai,20932.3,4,Yes
18,60466.06,Male,HR,21,3.97,Kolkata,18810.9,7,No
39,97129.5,Female,Sales,39,7.14,Chennai,11328.19,4,No
34,50495.41,Female,Sales,22,7.43,Chennai,33843.46,5,No
24,25539.9,Male,Sales,2,8.44,Chennai,24179.15,7,Yes
42,52564.56,Female,HR,39,7.21,Delhi,22102.92,3,Yes
21,13753.22,Male,Marketing,9,8.51,Chennai,26569.43,5,No
53,42003.44,Male,Sales,24,12.01,Chennai,23220.96,3,Yes
23,74365.73,Female,Marketing,7,8.6,Delhi,16613.99,5,No
48,54877.0,Male,HR,10,8.95,Delhi,26248.91,3,No
36,52691.25,Female,Marketing,4,6.74,Kolkata,24261.08,7,No
56,77311.71,Male,HR,36,4.23,Bangalore,16803.57,1,No
44,45941.0,Male,HR,37,2.4,Mumbai,23950.07,9,No
27,68927.31,Male,Finance,28,5.96,Mumbai,18797.15,9,No
43,51939.6,Male,HR,4,1.84,Chennai,21042.39,5,Yes
36,,Male,HR,8,,Kolkata,,9,Yes
56,31740.43,Female,IT,1,6.23,Chennai,26842.49,6,No
20,42769.3,Female,Sales,0,4.37,Mumbai,16770.02,5,No
30,29037.23,Female,Finance,39,7.26,Delhi,21824.81,3,No
45,48571.32,Female,Finance,29,5.52,Bangalore,30078.63,8,Yes
37,55856.04,Female,Finance,10,7.9,Kolkata,19119.76,4,No
45,33349.43,Female,IT,27,8.42,Delhi,20982.78,3,No
25,80737.68,Male,HR,11,5.6,Bangalore,30071.15,6,No
58,54171.59,Male,Sales,38,6.53,Kolkata,23187.39,8,Yes
56,50866.93,Female,Marketing,25,7.43,Kolkata,12630.1,9,No
18,61544.87,Female,HR,12,4.19,Mumbai,16022.61,6,Yes
20,37566.08,Male,IT,7,7.43,Delhi,23447.9,5,Yes
30,,Male,HR,27,,Kolkata,,2,No
45,39247.01,Male,HR,29,8.13,Kolkata,20812.9,2,Yes
42,73380.2,Female,IT,8,6.13,Bangalore,30806.12,9,Yes
50,34120.41,Female,Finance,38,4.13,Mumbai,16912.56,2,Yes
55,50947.48,Female,Finance,30,5.84,Chennai,19627.93,2,No
23,54939.74,Male,Sales,20,5.92,Mumbai,10184.45,3,Yes
49,55922.39,Male,Sales,33,9.14,Chennai,25803.3,3,No
38,41281.47,Female,Finance,30,7.35,Delhi,16005.74,4,No
33,36567.36,Female,Marketing,24,5.09,Delhi,25285.68,7,No
38,,Male,HR,11,,Kolkata,,9,Yes
28,57924.88,Male,Marketing,0,8.25,Delhi,31745.5,2,No
54,,Male,HR,21,,Kolkata,,4,Yes
53,61943.13,Male,Finance,39,3.89,Mumbai,18219.57,9,Yes
52,57155.06,Female,Sales,36,6.15,Delhi,22268.11,2,Yes
36,15846.31,Male,Sales,0,6.56,Mumbai,16203.74,1,Yes
37,53712.47,Male,Marketing,0,7.74,Mumbai,21595.8,8,No
35,83756.82,Male,Sales,20,8.21,Delhi,18995.49,9,No
58,69879.04,Female,Finance,14,8.61,Mumbai,19648.31,7,Yes
31,56330.2,Female,Marketing,16,3.78,Delhi,15508.17,8,No
32,34109.12,Male,HR,21,7.42,Delhi,21502.23,4,No
48,57163.31,Male,Sales,37,6.68,Delhi,24121.15,4,No
18,61096.25,Male,IT,34,12.36,Chennai,11739.52,2,Yes
20,46193.8,Female,Sales,15,7.13,Mumbai,16557.04,8,No
33,54751.13,Female,HR,7,5.75,Bangalore,20840.24,2,Yes
40,72644.94,Female,Marketing,16,7.22,Delhi,8263.42,9,No
28,,Male,HR,16,,Mumbai,,4,Yes
29,34125.51,Female,IT,25,3.02,Kolkata,16444.45,1,Yes
27,60390.49,Male,Finance,12,7.82,Delhi,15309.56,4,Yes
49,56863.14,Male,Sales,16,6.38,Delhi,18963.29,3,No
33,65432.57,Male,Marketing,37,6.95,Bangalore,20686.86,6,Yes
25,58546.91,Female,Finance,16,5.25,Chennai,16217.64,7,No
55,41483.67,Male,HR,13,4.81,Chennai,24902.07,8,Yes
29,56482.89,Female,Marketing,5,8.76,Delhi,21998.53,2,No
41,32868.1,Female,Finance,34,9.22,Mumbai,15813.79,6,Yes
45,46245.22,Male,Marketing,13,7.84,Kolkata,17387.97,6,No
25,57541.99,Male,IT,7,3.38,Kolkata,12416.15,5,Yes
45,44592.29,Female,IT,14,7.97,Mumbai,13733.3,7,Yes
53,87020.78,Male,Sales,26,3.41,Delhi,21937.99,3,Yes
43,21617.24,Female,Sales,12,5.68,Kolkata,15865.68,4,No
25,41787.64,Male,IT,30,8.73,Chennai,29021.42,9,Yes
45,35933.3,Female,Marketing,34,8.32,Mumbai,20354.62,4,Yes
45,39494.77,Female,IT,5,7.91,Bangalore,13235.88,3,Yes
54,40355.03,Female,Sales,4,9.63,Delhi,14283.26,2,Yes
58,30103.69,Female,IT,21,8.12,Mumbai,25264.85,5,No
53,61290.53,Male,IT,22,2.96,Kolkata,19617.43,4,Yes
44,41793.57,Male,Marketing,24,6.26,Delhi,24959.97,8,Yes
34,52453.6,Female,Finance,33,6.92,Chennai,18167.56,7,No
26,43477.61,Female,Sales,25,6.68,Delhi,17198.84,6,No
50,39636.79,Male,Marketing,4,5.77,Delhi,25597.24,2,No
37,75084.19,Male,IT,25,4.94,Chennai,15707.11,3,Yes
30,63843.98,Male,IT,19,11.8,Chennai,22445.27,9,No
45,21976.99,Male,Finance,5,6.22,Delhi,18941.08,9,No
46,20387.94,Male,Sales,5,11.7,Chennai,24393.62,5,No
30,65639.13,Male,Sales,17,4.72,Mumbai,29092.42,3,Yes
52,42202.2,Female,HR,3,8.31,Chennai,18039.11,2,Yes
23,,Male,Sales,16,,Chennai,,8,Yes
35,65686.03,Male,Finance,13,5.16,Delhi,23329.04,6,No
22,52536.86,Female,HR,13,6.06,Mumbai,14589.98,7,Yes
42,,Male,HR,12,,Bangalore,,1,No
19,62143.09,Male,IT,6,5.31,Bangalore,27230.11,1,No
27,30350.34,Male,IT,14,6.49,Kolkata,15004.4,2,No
47,25527.49,Male,Sales,18,2.27,Chennai,12084.38,3,Yes
22,73714.31,Male,HR,34,8.42,Chennai,14197.11,1,No
50,28442.5,Female,IT,16,9.45,Mumbai,14273.15,5,No
18,31666.43,Male,Finance,34,7.91,Bangalore,24008.8,3,Yes
35,34663.47,Female,IT,18,11.53,Kolkata,27745.85,1,No
49,81199.19,Female,IT,19,8.36,Mumbai,23950.63,8,No
28,57400.75,Male,HR,35,9.29,Chennai,18819.04,6,No
38,64481.12,Female,HR,34,9.48,Bangalore,21712.49,9,Yes
43,264712.55,Male,Marketing,31,1.5,Kolkata,62604.44,3,No
42,40971.69,Female,Finance,39,7.85,Delhi,25486.04,9,Yes
39,59469.37,Female,HR,23,4.23,Bangalore,22160.14,9,Yes
44,26650.76,Male,Sales,16,4.64,Kolkata,23865.99,1,No
30,33570.75,Male,Finance,6,4.99,Mumbai,16362.32,3,No
50,60994.63,Male,Finance,0,6.37,Delhi,19157.01,6,No
51,29641.17,Male,HR,34,8.3,Kolkata,23625.37,8,No
58,47163.78,Male,Finance,31,7.87,Kolkata,27217.56,4,Yes
52,47847.31,Female,HR,35,6.97,Chennai,16959.5,5,Yes
18,42070.07,Female,IT,12,8.45,Bangalore,23902.26,9,No
38,20733.22,Female,Marketing,5,8.57,Chennai,16439.64,6,Yes
23,40566.07,Female,IT,13,7.89,Delhi,30585.97,7,No
45,37625.47,Female,HR,36,3.55,Kolkata,17925.88,7,No
34,52421.6,Female,HR,14,5.52,Chennai,23217.53,4,No
22,51657.36,Female,IT,3,7.05,Bangalore,20828.05,4,No
48,55669.42,Male,Sales,39,8.47,Delhi,33026.52,4,Yes
22,39860.21,Male,Sales,15,4.34,Mumbai,21149.51,5,Yes
55,57841.67,Female,Sales,27,6.98,Chennai,17424.72,5,No
20,26659.9,Female,HR,15,3.87,Delhi,23197.53,8,No
40,22671.43,Male,Finance,3,9.05,Mumbai,23086.2,9,Yes
54,14966.41,Male,HR,25,7.48,Chennai,19212.65,2,Yes
54,42510.54,Male,Finance,27,4.31,Delhi,14526.17,7,Yes
27,38700.53,Male,IT,31,4.29,Delhi,17360.01,1,No
27,61839.73,Female,Marketing,1,7.77,Chennai,24407.49,1,Yes
36,201350.3,Male,Finance,30,9.75,Delhi,45051.04,4,No
34,54100.65,Female,Sales,2,4.81,Kolkata,18759.77,7,No
38,62199.45,Female,HR,7,8.57,Chennai,24974.32,2,Yes
31,39705.21,Female,IT,23,5.92,Delhi,19532.52,2,No
26,54470.78,Male,Sales,14,8.65,Mumbai,30868.55,1,Yes
18,65028.91,Male,IT,30,8.37,Mumbai,11276.75,2,No
30,31427.56,Female,Marketing,8,7.31,Kolkata,15193.16,7,No
21,50372.79,Female,HR,38,3.33,Chennai,8426.83,9,No
18,39769.48,Female,HR,1,8.36,Delhi,29968.45,6,No
57,,Male,Marketing,7,,Delhi,,2,No
49,26953.22,Female,HR,6,7.82,Mumbai,10065.39,9,No
51,32140.27,Male,Finance,38,7.39,Kolkata,16940.4,7,Yes
45,50900.44,Female,IT,15,5.24,Mumbai,13035.95,1,Yes
48,25837.33,Female,Sales,34,9.17,Mumbai,16976.08,9,No
25,41739.09,Female,Marketing,29,8.8,Kolkata,20206.15,2,Yes
56,62197.92,Male,Finance,9,4.85,Chennai,24024.61,4,No
43,56735.16,Male,Sales,37,9.63,Delhi,19126.66,9,Yes
51,42042.39,Female,Sales,17,7.26,Chennai,20126.45,4,Yes
20,75345.36,Male,Marketing,4,7.26,Bangalore,17092.02,3,No
29,78395.55,Female,Finance,28,6.65,Bangalore,12441.51,1,Yes
18,,Male,Sales,38,,Bangalore,,7,No
22,12971.86,Male,Sales,33,9.74,Kolkata,18177.57,6,Yes
47,63296.72,Male,Finance,22,9.07,Mumbai,20423.2,4,No
47,15590.35,Female,HR,4,9.02,Chennai,17806.93,6,Yes
34,72142.19,Male,Sales,29,7.37,Delhi,10953.37,6,No
40,66253.77,Male,IT,5,8.78,Bangalore,21007.0,4,Yes
32,76613.19,Female,Finance,3,5.33,Chennai,28146.52,6,No
54,53903.98,Female,Sales,28,8.17,Bangalore,19426.77,8,Yes
38,44579.21,Female,Marketing,22,6.69,Bangalore,17102.35,3,No
31,43248.48,Female,IT,5,2.88,Delhi,19697.53,4,Yes
19,41806.1,Male,Sales,31,3.83,Kolkata,14478.1,1,No
28,64716.03,Male,IT,17,5.67,Mumbai,14155.5,4,Yes
56,60684.07,Male,IT,14,7.83,Kolkata,22257.07,9,No
55,51803.38,Male,HR,39,5.68,Chennai,24951.61,8,No
51,39167.28,Male,IT,31,5.82,Kolkata,19264.51,4,No
55,89438.19,Female,HR,8,8.53,Chennai,10131.17,7,No
51,,Male,Finance,36,,Chennai,,3,Yes
35,26034.32,Male,HR,9,9.66,Mumbai,30336.91,9,Yes
47,42256.16,Male,Marketing,19,9.33,Delhi,18780.51,4,Yes
32,,Female,Sales,5,,Mumbai,,2,No
44,38006.92,Female,Finance,2,8.51,Kolkata,15636.83,5,No
51,55273.22,Male,Finance,10,8.23,Chennai,22406.77,2,No
55,64261.94,Female,Marketing,16,6.51,Bangalore,16645.08,6,No
50,-826.42,Female,HR,31,8.72,Bangalore,25107.51,1,No
41,241897.15,Female,Sales,3,9.02,Chennai,66848.4,6,Yes
32,48968.14,Female,HR,3,5.1,Mumbai,21708.96,4,Yes
47,43818.91,Female,IT,16,7.31,Delhi,19768.28,3,Yes
59,54525.43,Female,HR,18,7.29,Mumbai,27775.56,2,No
34,59862.79,Female,Finance,4,8.7,Chennai,22047.4,7,No
22,52130.76,Male,Sales,31,6.11,Chennai,26935.04,9,No
46,44392.59,Male,HR,21,5.8,Delhi,20543.12,3,No
21,59489.32,Female,Sales,5,7.34,Kolkata,19146.3,6,No
27,50735.8,Male,Sales,34,9.36,Kolkata,19809.05,9,No
34,46539.49,Male,IT,21,4.6,Delhi,16142.95,2,No
27,30315.81,Female,IT,0,4.95,Kolkata,22658.34,7,Yes
34,26560.18,Male,Finance,19,5.96,Bangalore,16548.21,5,Yes
37,30031.55,Female,Marketing,21,6.31,Kolkata,20562.32,5,No
41,54174.94,Female,Sales,10,3.47,Kolkata,24276.01,7,No
22,48813.82,Female,Marketing,12,10.0,Kolkata,27917.74,9,No
51,27795.74,Male,Finance,2,6.74,Bangalore,20814.3,4,Yes
23,59688.77,Male,Sales,8,6.44,Kolkata,24306.04,9,Yes
19,70614.64,Male,Sales,11,10.25,Bangalore,23709.44,9,No
30,,Male,Marketing,22,,Delhi,,4,Yes
28,23885.27,Female,HR,13,5.93,Mumbai,30539.02,3,Yes
40,39363.1,Female,IT,32,7.33,Delhi,17118.79,2,Yes
33,62816.91,Male,HR,17,6.92,Mumbai,20454.97,9,No
48,58227.95,Female,Marketing,8,9.9,Delhi,27270.6,2,Yes
28,36163.51,Female,IT,22,6.67,Mumbai,27147.29,6,Yes
33,72817.58,Male,HR,9,4.12,Mumbai,20071.6,5,No
25,70224.2,Female,IT,18,3.25,Chennai,24952.08,5,No
21,39004.91,Male,Sales,4,9.95,Mumbai,18880.14,4,Yes
57,38850.65,Female,HR,22,5.42,Mumbai,17556.61,6,No
21,41107.58,Male,IT,29,8.34,Chennai,13936.05,5,Yes
42,42390.01,Female,IT,24,7.14,Kolkata,23619.41,4,Yes
20,64258.07,Female,IT,27,6.17,Kolkata,24146.1,9,No
49,56379.94,Male,HR,33,6.48,Chennai,17160.55,6,No
20,63156.18,Male,Finance,24,10.17,Bangalore,21340.5,3,Yes
44,60103.48,Male,HR,9,4.1,Mumbai,33254.94,6,No
46,75717.91,Male,Marketing,13,6.23,Mumbai,25733.41,1,No
49,34109.22,Female,HR,29,8.81,Chennai,15492.58,5,Yes
36,55705.38,Female,IT,24,4.43,Chennai,25007.81,6,Yes
38,17392.68,Male,Sales,13,9.63,Bangalore,15515.69,8,Yes
22,30245.67,Female,HR,34,8.78,Kolkata,5523.91,9,Yes
35,48877.2,Male,HR,33,7.54,Delhi,19897.94,3,Yes
45,56273.1,Male,IT,9,5.99,Kolkata,27816.01,2,Yes
59,48472.76,Female,Sales,34,4.18,Mumbai,26987.24,4,No
39,41492.11,Female,Sales,10,8.41,Chennai,21886.18,8,No
38,44158.73,Male,Marketing,10,12.5,Bangalore,17291.35,8,Yes
23,70541.61,Male,HR,20,7.29,Kolkata,22432.25,3,No
18,44239.52,Male,Sales,20,3.35,Bangalore,18654.2,4,No
22,76238.62,Female,Sales,21,7.92,Kolkata,17431.72,3,Yes
58,61910.26,Female,Finance,6,8.72,Mumbai,25310.01,2,No
29,56863.06,Female,Finance,16,5.16,Delhi,17369.82,4,No
43,32096.05,Female,Sales,1,5.71,Bangalore,25636.18,6,Yes
51,64028.57,Male,Marketing,11,5.51,Bangalore,17039.07,5,No
31,42593.44,Male,Sales,17,5.94,Delhi,30292.46,3,No
43,32083.4,Male,IT,10,6.66,Bangalore,11796.83,2,Yes
44,57692.65,Male,HR,15,5.28,Bangalore,15216.15,9,No
26,29180.81,Male,Marketing,17,4.53,Kolkata,19223.16,1,No
43,38566.38,Male,IT,34,7.35,Kolkata,10079.78,9,No
39,49848.26,Female,Marketing,25,6.63,Delhi,7145.07,1,Yes
47,83276.32,Female,IT,15,6.13,Mumbai,10122.96,7,Yes
34,39696.26,Male,HR,5,7.17,Bangalore,18539.55,6,No
43,43126.75,Male,HR,11,3.96,Mumbai,18666.45,7,No
53,60985.18,Female,Finance,12,7.53,Delhi,21665.0,3,Yes
18,31425.56,Female,IT,3,6.17,Delhi,19014.99,3,Yes
25,56642.1,Female,Finance,38,7.48,Kolkata,21497.58,1,No
52,68088.9,Female,IT,1,7.8,Bangalore,17748.92,4,Yes
32,45393.58,Male,Finance,25,9.26,Chennai,23574.08,2,No
39,65392.31,Male,HR,26,7.21,Delhi,22971.55,8,No
31,54371.75,Male,Marketing,26,9.13,Bangalore,18366.54,3,Yes
43,39039.77,Male,Finance,14,6.36,Mumbai,22665.06,7,Yes
45,47032.93,Male,IT,7,6.45,Kolkata,19046.77,7,No
40,44303.64,Female,IT,6,6.82,Mumbai,12388.37,9,No
31,48685.43,Male,HR,39,8.55,Delhi,24522.48,6,Yes
41,52290.77,Female,IT,11,8.26,Delhi,15465.92,1,No
19,58823.0,Male,Sales,12,7.27,Mumbai,24469.12,8,Yes
43,57630.02,Male,Marketing,16,4.54,Delhi,21620.13,1,Yes
31,13524.3,Male,Finance,16,8.23,Bangalore,19577.39,3,Yes
24,48540.38,Male,Marketing,35,5.28,Delhi,10615.03,5,Yes
20,27358.67,Male,HR,20,5.17,Kolkata,27698.73,8,Yes
40,45864.09,Female,Finance,7,4.72,Bangalore,18184.43,9,No
35,48143.16,Female,Finance,4,6.83,Chennai,23172.82,7,Yes
55,64642.23,Female,Sales,25,9.42,Delhi,19430.13,9,Yes
52,49548.27,Male,HR,15,5.07,Delhi,18642.82,3,Yes
32,53888.27,Male,IT,35,10.36,Kolkata,20964.04,5,Yes
42,61895.85,Female,Sales,27,8.82,Kolkata,20132.86,8,Yes
54,68416.28,Male,Sales,28,4.07,Mumbai,18665.04,1,Yes
45,,Male,Marketing,11,,Mumbai,,8,Yes
27,51412.69,Female,Marketing,36,4.92,Mumbai,22135.32,7,No
56,50150.35,Male,Marketing,29,8.33,Kolkata,22489.1,1,No
34,41861.02,Female,Sales,22,5.02,Mumbai,20216.79,6,No
56,38463.27,Male,IT,15,3.76,Mumbai,23104.68,1,No
39,15921.71,Female,Finance,13,6.35,Chennai,17879.65,2,Yes
43,33850.09,Male,Marketing,9,9.34,Mumbai,31124.43,5,No
42,23320.54,Male,IT,6,6.61,Delhi,27427.94,2,Yes
34,,Female,HR,36,,Kolkata,,1,No
30,52826.24,Male,Marketing,28,7.87,Bangalore,10292.1,6,No
37,48110.92,Male,Finance,2,3.98,Chennai,23030.1,8,Yes
42,39237.72,Female,HR,14,5.2,Kolkata,18316.81,8,Yes
21,50446.69,Male,HR,35,7.01,Kolkata,15106.6,8,No
27,37280.3,Female,Finance,18,5.89,Delhi,18189.52,6,No
20,52610.28,Male,Marketing,12,10.41,Mumbai,15660.83,3,No
58,53686.01,Male,Sales,20,4.54,Delhi,22534.02,1,No
35,37079.24,Male,Finance,36,5.18,Mumbai,28079.97,2,Yes
53,36793.07,Male,Finance,26,7.58,Mumbai,24130.14,5,No
39,64432.99,Female,Finance,28,5.74,Kolkata,33812.63,5,No
51,49207.1,Male,HR,19,1.22,Mumbai,12231.94,1,No
25,38284.69,Female,IT,24,10.87,Chennai,17469.83,1,No
57,44442.41,Male,Sales,5,4.85,Chennai,15284.87,9,No
36,34841.09,Male,Marketing,35,8.12,Chennai,26146.84,2,Yes
59,48992.25,Male,Marketing,1,4.49,Kolkata,18897.25,7,Yes
58,62474.42,Male,IT,21,5.27,Delhi,20947.58,4,Yes
54,49584.94,Female,Finance,31,3.75,Bangalore,23168.43,7,Yes
23,85454.5,Female,Sales,15,5.52,Mumbai,12726.06,8,Yes
43,56320.39,Female,Marketing,17,5.71,Bangalore,16893.26,5,No
51,53449.32,Female,Marketing,4,6.73,Delhi,24986.33,1,Yes
23,36375.47,Male,Finance,35,6.25,Delhi,17259.56,4,Yes
54,46422.0,Female,IT,29,4.12,Kolkata,11431.79,3,No
50,38314.79,Female,Sales,18,5.95,Chennai,15488.69,5,Yes
39,17515.32,Male,IT,22,9.89,Chennai,18568.66,6,Yes
38,64613.93,Male,IT,33,9.66,Delhi,20833.8,2,Yes
23,42328.24,Male,Sales,12,7.91,Kolkata,19645.93,7,Yes
23,38594.0,Male,Sales,28,8.33,Kolkata,16928.91,3,No
21,265792.75,Female,Marketing,35,11.12,Mumbai,98786.28,1,No
47,57687.49,Female,Marketing,21,8.14,Chennai,19354.7,3,Yes
28,45188.38,Male,Sales,35,8.29,Delhi,21047.01,9,No
47,49960.97,Male,HR,8,3.87,Bangalore,17195.22,6,Yes
48,61192.81,Male,Marketing,38,4.77,Chennai,27544.7,6,No
41,44597.1,Female,HR,18,6.93,Mumbai,18041.84,4,No
26,54535.01,Female,Sales,37,5.39,Kolkata,20373.46,8,No
20,25111.33,Male,Marketing,5,5.0,Delhi,25175.0,5,No
48,31380.22,Male,IT,14,5.24,Chennai,21400.21,7,No
57,59083.1,Female,Sales,19,4.15,Bangalore,21275.45,9,No
54,30596.62,Male,Finance,8,5.42,Mumbai,10131.72,5,No
53,53512.06,Male,HR,31,7.68,Mumbai,23403.18,5,No
41,47795.02,Female,Sales,3,10.59,Chennai,20277.93,4,No
48,44532.99,Male,Sales,17,8.59,Bangalore,22707.83,6,No
23,37573.06,Female,Marketing,4,8.27,Mumbai,20916.07,2,No
19,63640.1,Male,Marketing,19,3.75,Delhi,17204.21,3,Yes
37,75948.37,Male,Marketing,22,7.24,Mumbai,24471.54,1,No
45,54502.88,Female,Finance,10,6.87,Bangalore,20990.63,2,Yes
28,54837.36,Female,Marketing,36,7.58,Kolkata,13553.07,2,No
21,39765.04,Male,Sales,21,6.28,Kolkata,26542.59,8,Yes
32,32058.54,Female,Marketing,3,10.32,Chennai,12847.6,8,Yes
23,49403.92,Male,IT,28,7.11,Bangalore,24504.65,2,Yes
47,35393.76,Male,Marketing,33,7.3,Mumbai,27434.66,6,No
55,23410.85,Female,Finance,12,3.08,Mumbai,14468.52,5,No
19,62051.69,Male,IT,8,6.79,Kolkata,19386.19,3,No
32,62782.5,Male,Sales,30,9.3,Kolkata,18920.26,5,No
28,,Female,Sales,6,,Delhi,,5,Yes
25,53659.46,Female,HR,3,2.69,Kolkata,29151.19,5,No
43,65029.28,Male,IT,18,6.1,Delhi,14526.41,3,No
22,53075.4,Female,HR,29,10.46,Mumbai,18467.16,3,No
23,32102.68,Female,IT,30,6.7,Delhi,27516.61,4,No
43,46506.6,Female,IT,34,7.64,Delhi,18385.26,7,No
21,69902.14,Female,Finance,20,10.24,Chennai,15321.1,2,No
36,53705.4,Male,HR,30,6.69,Kolkata,21315.07,4,No
37,290434.9,Male,Finance,18,8.58,Delhi,96112.8,4,No
50,55124.44,Male,IT,30,7.82,Mumbai,18035.8,1,Yes
37,37167.33,Female,Sales,31,8.25,Bangalore,22771.84,8,Yes
29,40687.32,Female,IT,1,7.76,Delhi,13116.92,1,No
18,55082.98,Female,Finance,9,5.9,Kolkata,13394.86,8,No
43,62253.08,Female,HR,1,6.1,Chennai,17799.57,7,No
31,66498.57,Female,HR,1,5.29,Mumbai,22950.09,9,No
55,37128.42,Female,Finance,23,3.72,Chennai,23807.49,8,Yes
54,56496.81,Female,HR,16,9.49,Bangalore,14089.92,5,Yes
28,67805.66,Male,Marketing,31,7.02,Delhi,23622.1,8,No
53,35193.77,Male,Sales,15,9.39,Delhi,20832.54,3,Yes
30,72301.21,Female,Sales,15,10.13,Kolkata,15603.98,7,Yes
20,74584.11,Female,Sales,38,7.11,Delhi,13329.06,4,No
50,89376.3,Female,HR,30,4.37,Mumbai,21149.12,5,No
23,53464.0,Male,HR,23,6.61,Bangalore,26447.82,9,No
27,53546.37,Male,IT,0,5.66,Chennai,20177.61,7,Yes
22,62404.92,Female,IT,10,3.04,Bangalore,15325.4,4,Yes
40,61967.04,Female,Sales,20,6.0,Delhi,10659.89,6,No
27,66895.5,Male,Marketing,3,6.86,Chennai,27647.45,7,No
19,61760.5,Male,IT,6,5.71,Kolkata,25209.25,9,Yes
30,48409.07,Male,IT,25,5.46,Bangalore,21510.38,4,Yes
57,68329.96,Male,HR,11,4.44,Chennai,27389.97,3,No
19,33931.19,Female,Marketing,30,7.39,Chennai,21119.6,8,Yes
37,50087.79,Male,Sales,16,10.74,Chennai,17344.82,1,No
18,73456.03,Male,IT,32,9.56,Mumbai,22775.66,9,No
54,31246.3,Female,Marketing,10,8.31,Bangalore,15851.37,1,Yes
26,39837.87,Male,Marketing,27,8.35,Chennai,15021.76,2,Yes
34,60076.21,Male,Sales,31,6.73,Bangalore,23858.04,8,Yes
26,55908.68,Male,Marketing,0,3.39,Chennai,24278.79,9,No
28,36874.62,Female,Marketing,27,6.26,Kolkata,13631.31,7,No
32,,Male,Marketing,6,,Kolkata,,3,No
41,32288.27,Female,IT,1,7.31,Kolkata,17774.75,7,No
55,64707.27,Female,Sales,23,9.47,Delhi,16443.48,6,No
52,46161.78,Male,Marketing,3,10.95,Chennai,22382.44,2,No
47,76882.34,Male,Marketing,18,7.13,Delhi,20240.25,3,Yes
48,51216.5,Male,IT,25,3.67,Bangalore,25824.53,5,No
22,46703.9,Male,Sales,10,7.13,Delhi,21586.29,4,No
31,45247.67,Female,HR,39,7.18,Bangalore,16777.12,2,No
28,46337.0,Male,IT,10,8.36,Bangalore,10544.36,4,No
26,51662.32,Male,Sales,2,6.96,Bangalore,20897.28,8,Yes
51,87686.11,Male,Marketing,11,7.13,Delhi,11448.36,5,No
29,44917.1,Female,Sales,2,5.74,Chennai,16715.22,5,Yes
52,45404.7,Male,Sales,26,6.38,Delhi,16391.37,3,Yes
52,50983.91,Male,Sales,1,8.03,Chennai,17457.86,8,No
18,331770.6,Female,HR,15,2.98,Chennai,53679.32,6,No
57,28685.23,Female,Sales,1,6.37,Bangalore,16373.62,2,Yes
39,56826.39,Male,HR,29,8.38,Delhi,25729.52,2,Yes
46,37738.62,Male,Marketing,19,10.28,Chennai,25715.74,9,No
25,58299.09,Male,HR,37,6.2,Kolkata,27662.5,7,Yes
28,,Male,Marketing,27,,Chennai,,9,No
58,15438.46,Male,Marketing,24,10.38,Kolkata,21356.1,6,No
54,55543.66,Female,HR,31,6.23,Delhi,25803.06,5,Yes
31,55417.17,Female,IT,9,5.88,Delhi,12646.7,1,No
47,41313.8,Male,Finance,39,6.64,Delhi,24028.14,6,No
52,40424.84,Male,Sales,32,6.84,Chennai,26511.72,6,No
38,30329.41,Female,Finance,12,9.18,Mumbai,15555.2,3,Yes
54,61596.5,Male,Sales,36,5.45,Chennai,26913.2,3,Yes
22,63233.24,Male,Sales,15,10.08,Chennai,30288.58,3,Yes
36,36814.24,Male,Marketing,21,5.4,Bangalore,23889.23,3,No
31,41900.98,Male,Sales,19,4.47,Bangalore,22972.52,7,Yes
43,49050.66,Male,Sales,26,8.05,Chennai,14401.12,2,Yes
21,84062.98,Female,HR,15,9.46,Kolkata,25346.02,2,Yes
42,58176.83,Male,Finance,33,7.36,Bangalore,14872.05,3,No
59,35848.77,Male,HR,31,7.87,Chennai,21848.7,7,No
42,54556.7,Male,Sales,25,10.91,Mumbai,22355.48,3,Yes
35,29349.63,Female,Marketing,24,9.49,Kolkata,3518.73,7,Yes
57,60769.85,Female,HR,1,7.06,Delhi,22029.02,9,Yes
25,75133.21,Female,HR,11,6.14,Chennai,33107.37,4,No
56,75196.88,Female,IT,39,9.19,Chennai,9540.72,7,Yes
57,61023.4,Male,Sales,8,8.66,Kolkata,19730.54,9,No
31,41248.81,Female,Marketing,11,7.84,Bangalore,10264.42,8,No
49,30486.47,Male,HR,25,6.35,Bangalore,15529.29,8,No
55,28996.92,Male,HR,8,6.85,Bangalore,10351.12,9,Yes
50,7906.74,Female,Marketing,9,6.7,Delhi,20797.71,5,Yes
40,60407.84,Female,Sales,31,6.38,Kolkata,23968.02,5,No
32,48457.47,Female,IT,33,5.8,Kolkata,22048.69,3,No
50,63638.24,Female,HR,19,7.53,Bangalore,15349.09,5,No
42,71420.47,Female,IT,38,5.71,Bangalore,16953.03,8,No
34,51498.58,Male,Finance,1,7.35,Mumbai,21361.36,5,Yes
50,52189.42,Female,Sales,0,2.8,Mumbai,15505.38,4,Yes
19,43035.19,Female,Finance,35,5.8,Chennai,13356.02,8,No
31,44808.73,Female,Finance,23,9.2,Chennai,18804.36,7,No
57,60927.05,Male,Finance,26,5.2,Kolkata,15276.46,6,No
57,47384.37,Female,Sales,1,8.18,Kolkata,22057.79,5,Yes
56,45214.88,Male,Sales,30,5.37,Delhi,26493.49,5,No
23,49725.25,Female,Marketing,13,8.55,Delhi,32987.92,2,Yes
23,63294.95,Female,IT,1,6.41,Mumbai,21690.33,4,No
20,39610.08,Male,IT,28,6.33,Chennai,23229.86,8,Yes
24,,Female,Marketing,14,,Mumbai,,8,Yes
25,53679.17,Male,Marketing,11,4.31,Mumbai,17313.12,1,No
59,67403.33,Male,Finance,36,8.94,Chennai,26420.28,2,Yes
32,,Male,Marketing,27,,Delhi,,5,Yes
46,39232.65,Female,HR,19,6.28,Chennai,20364.74,9,Yes
50,42734.59,Female,IT,38,8.05,Bangalore,26114.88,7,Yes
47,65795.86,Female,Marketing,23,8.56,Bangalore,18656.86,5,No
56,80499.58,Male,HR,20,6.82,Bangalore,27502.1,1,No
44,30293.63,Female,HR,9,4.78,Kolkata,22865.15,6,No
53,33570.48,Male,HR,13,10.19,Delhi,22276.99,8,No
46,47468.05,Female,HR,36,6.21,Delhi,16759.05,7,No
55,51664.34,Male,Finance,17,5.78,Kolkata,22545.63,2,Yes
50,61804.54,Male,HR,23,10.28,Mumbai,17854.77,5,Yes
54,36633.0,Male,Finance,13,8.22,Bangalore,22347.04,4,Yes
44,34053.36,Female,Finance,33,7.51,Bangalore,19490.87,9,Yes
50,52071.31,Male,HR,11,5.06,Mumbai,24834.05,1,No
21,46123.99,Male,IT,21,8.61,Chennai,19841.14,6,No
39,63900.81,Male,HR,5,12.79,Chennai,30189.29,3,Yes
19,57310.4,Male,HR,35,8.76,Delhi,18622.27,9,No
27,58330.69,Male,HR,35,7.99,Kolkata,17327.13,5,Yes
22,48432.78,Male,IT,21,8.44,Delhi,21730.57,6,Yes
27,85333.7,Female,Sales,13,6.34,Chennai,25389.36,9,No
50,37433.78,Female,Sales,15,6.32,Mumbai,25350.49,9,No
55,59162.15,Male,Finance,35,6.3,Delhi,20833.91,8,No
30,30954.65,Female,Finance,24,5.85,Bangalore,21695.45,9,No
48,33897.98,Female,IT,31,6.3,Bangalore,21702.69,4,No
53,40889.82,Male,Marketing,32,6.29,Mumbai,14610.64,6,No
41,,Male,Sales,35,,Chennai,,5,No
32,53958.42,Male,Finance,19,6.45,Bangalore,13710.72,5,Yes
46,41142.83,Female,Sales,17,7.49,Bangalore,14620.01,4,No
25,55616.54,Male,IT,37,7.16,Kolkata,20275.14,2,Yes
22,50527.22,Female,IT,2,7.33,Delhi,18400.7,6,Yes
